{
    "IsEncrypted": false,
    "Values": {
        "AzureWebJobsStorage": "UseDevelopmentStorage=true",
        "FUNCTIONS_WORKER_RUNTIME": "dotnet-isolated",
        "ServiceBusConnection": "Endpoint=sb://sbns-mmo-crm-nonprod.servicebus.windows.net/;SharedAccessKeyName=RootManageSharedAccessKey;SharedAccessKey=mR/Ci1bXHsIOc9w5rrrs+oMhWjRBTl2Tr+ASbKaPn+E=",
        "crm-url": "https://medmutualdev.crm.dynamics.com",
        "topic-subscription": "dev",
        "small-group-team-id": "162b4d96-5f56-ef11-a316-6045bdd381d0",
        "distributed-locks-container": "distributed-locks-local",
        "distributed-locks-storage-account": "https://stmmocrmnonprod.blob.core.windows.net",
        "onbase-sql-username": "@Microsoft.KeyVault(VaultName=kv-mmo-crm-local;SecretName=onbase-sql-username)",
        "onbase-sql-password": "@Microsoft.KeyVault(VaultName=kv-mmo-crm-local;SecretName=onbase-sql-password)",
        "onbase-sql-server": "beachhysqldev",
        "onbase-sql-database": "OBTest1",
        "OnBaseConnectionString": "Server=beachhysqlrs; Database=ONBASE; Integrated Security=True; TrustServerCertificate=True;"
    }
}